City_ID,City,Country,Lat,Lng,Max Temp,Humidity,Cloudiness,Wind Speed,Current Description
0,Bambous Virieux,MU,-20.3428,57.7575,77.22,68,100,14.67,overcast clouds
1,Puerto Ayora,EC,-0.7393,-90.3518,80.56,91,98,5.01,overcast clouds
2,Talnakh,RU,69.4865,88.3972,-19.61,87,100,1.23,overcast clouds
3,Mar Del Plata,AR,-38.0023,-57.5575,72.88,83,100,7.0,overcast clouds
4,Vaini,TO,-21.2,-175.2,77.36,80,19,16.98,light rain
5,Luderitz,NA,-26.6481,15.1594,63.28,82,2,13.78,clear sky
6,Mataura,NZ,-46.1927,168.8643,49.21,81,100,0.56,overcast clouds
7,Hobart,AU,-42.8794,147.3294,49.26,85,75,8.05,broken clouds
8,Tasiilaq,GL,65.6145,-37.6368,35.76,70,100,19.73,overcast clouds
9,Yellowknife,CA,62.456,-114.3525,10.42,91,100,10.0,overcast clouds
10,Saskylakh,RU,71.9167,114.0833,-44.88,100,67,3.2,broken clouds
11,Busselton,AU,-33.65,115.3333,52.05,73,100,9.78,overcast clouds
12,Bluff,NZ,-46.6,168.3333,49.96,81,23,2.44,few clouds
13,Hermanus,ZA,-34.4187,19.2345,66.9,83,100,10.87,overcast clouds
14,Port Hardy,CA,50.6996,-127.4199,38.75,100,90,8.05,light shower snow
15,Comodoro Rivadavia,AR,-45.8667,-67.5,57.06,64,100,18.23,light rain
16,Gobabis,NA,-22.45,18.9667,75.0,44,98,19.86,overcast clouds
17,Hithadhoo,MV,-0.6,73.0833,81.12,78,100,10.98,overcast clouds
18,Namibe,AO,-15.1961,12.1522,71.01,80,33,6.24,scattered clouds
19,Blagoveshchensk,RU,50.2667,127.5333,-6.65,86,12,5.08,few clouds
20,Lebu,CL,-37.6167,-73.65,58.14,58,2,9.44,clear sky
21,Rikitea,PF,-23.1203,-134.9692,77.54,75,78,9.78,broken clouds
22,Arraial Do Cabo,BR,-22.9661,-42.0278,78.62,85,46,16.69,scattered clouds
23,Punta Arenas,CL,-53.15,-70.9167,51.91,32,75,23.02,broken clouds
24,Sura,RU,53.8879,45.7419,17.31,79,47,5.84,scattered clouds
25,Yeppoon,AU,-23.1333,150.7333,71.38,74,6,14.61,clear sky
26,Petropavlovsk-Kamchatskiy,RU,53.0452,158.6483,30.79,59,75,11.18,broken clouds
27,Riyadh,SA,24.6877,46.7219,57.34,25,21,7.49,few clouds
28,Kaitangata,NZ,-46.2817,169.8464,54.93,77,64,2.37,broken clouds
29,Ushuaia,AR,-54.8,-68.3,47.14,53,48,24.36,scattered clouds
30,Grindavik,IS,63.8424,-22.4338,41.47,87,75,24.16,broken clouds
31,Bow Island,CA,49.8668,-111.3684,38.48,44,100,20.13,overcast clouds
32,Jamestown,US,42.097,-79.2353,43.72,46,0,18.99,clear sky
33,Kapaa,US,22.0752,-159.319,75.11,59,73,4.0,broken clouds
34,Dikson,RU,73.5069,80.5464,-18.36,94,98,12.8,overcast clouds
35,Cape Town,ZA,-33.9258,18.4232,67.12,79,20,4.0,few clouds
36,Nikolskoye,RU,59.7035,30.7861,23.4,98,100,4.9,light snow
37,Antibes,FR,43.5624,7.1278,50.68,58,0,13.8,clear sky
38,Ribeira Grande,PT,38.5167,-28.7,57.6,54,40,9.22,scattered clouds
39,Henties Bay,NA,-22.116,14.2845,60.85,84,0,7.34,clear sky
40,Tiksi,RU,71.6872,128.8694,-17.77,100,100,1.86,overcast clouds
41,Saldanha,ZA,-33.0117,17.9442,63.07,91,99,14.14,overcast clouds
42,Kewanee,US,41.2456,-89.9248,49.86,39,91,16.89,overcast clouds
43,Horadiz,AZ,39.4488,47.3353,48.56,88,97,3.2,overcast clouds
44,Bredasdorp,ZA,-34.5322,20.0403,65.28,83,100,5.37,overcast clouds
45,Carnarvon,AU,-24.8667,113.6333,69.84,74,0,23.71,clear sky
46,Atuona,PF,-9.8,-139.0333,78.91,77,23,19.13,few clouds
47,Longyearbyen,SJ,78.2186,15.6401,31.84,80,75,17.27,light snow
48,Tuktoyaktuk,CA,69.4541,-133.0374,-7.35,96,100,16.08,overcast clouds
49,East London,ZA,-33.0153,27.9116,72.54,94,75,5.75,light rain
50,Lorengau,PG,-2.0226,147.2712,82.27,84,100,11.32,overcast clouds
51,Lyantonde,UG,-0.4031,31.1572,66.27,83,100,4.32,overcast clouds
52,Lagoa,PT,39.05,-27.9833,57.52,51,100,26.13,overcast clouds
53,Selcuk,TR,37.9514,27.3685,61.02,91,100,0.6,light rain
54,Ponta Do Sol,PT,32.6667,-17.1,67.01,78,65,2.57,broken clouds
55,Daru,PG,-9.0763,143.2092,76.69,93,98,9.75,overcast clouds
56,Khatanga,RU,71.9667,102.5,-51.41,100,81,2.21,broken clouds
57,Pudem,RU,58.3044,52.1675,0.68,96,98,3.76,overcast clouds
58,Qaanaaq,GL,77.484,-69.3632,-3.95,68,42,3.18,scattered clouds
59,Adre,TD,13.4667,22.2,76.35,19,62,7.78,broken clouds
60,Arrifes,PT,37.7667,-25.7,57.45,67,40,12.66,scattered clouds
61,Tuxpan,MX,19.55,-103.4,81.37,31,31,4.72,scattered clouds
62,Avarua,CK,-21.2078,-159.775,73.45,100,75,13.8,heavy intensity rain
63,Geraldton,AU,-28.7667,114.6,59.41,77,82,5.75,broken clouds
64,Bilyayivka,UA,46.4832,30.2168,45.09,86,100,13.85,overcast clouds
65,Sterling,US,39.0062,-77.4286,52.11,36,1,13.0,clear sky
66,Kavieng,PG,-2.5744,150.7967,83.08,76,100,4.59,overcast clouds
67,Lamu,KE,-2.2717,40.902,82.62,81,75,11.16,light rain
68,Duldurga,RU,50.6761,113.5931,7.86,84,100,4.81,overcast clouds
69,Vanavara,RU,60.34,102.2797,-34.37,99,29,3.47,scattered clouds
70,Puerto Escondido,MX,15.85,-97.0667,86.11,62,0,9.84,clear sky
71,Port Elizabeth,ZA,-33.918,25.5701,72.1,93,100,9.1,overcast clouds
72,Newport,GB,51.5877,-2.9984,55.17,79,100,18.01,overcast clouds
73,Hilo,US,19.7297,-155.09,77.29,1,12,7.09,few clouds
74,Hukuntsi,BW,-24.0,21.75,79.79,45,100,16.69,overcast clouds
75,Luganville,VU,-15.5333,167.1667,81.01,87,100,14.25,light rain
76,Maneadero,MX,31.7167,-116.5667,65.19,65,5,1.01,clear sky
77,Bengkulu,ID,-3.8004,102.2655,75.47,90,99,3.87,moderate rain
78,Mahebourg,MU,-20.4081,57.7,77.25,69,98,14.45,overcast clouds
79,Butaritari,KI,3.0707,172.7902,82.65,72,97,17.72,overcast clouds
80,Buala,SB,-8.145,159.5921,80.83,83,100,6.69,overcast clouds
81,Tuatapere,NZ,-46.1333,167.6833,51.21,73,59,2.17,broken clouds
82,Dunedin,NZ,-45.8742,170.5036,52.29,76,40,3.15,scattered clouds
83,Vostok,RU,46.4856,135.8833,2.98,95,100,8.97,light snow
84,Baykit,RU,61.67,96.37,-23.03,99,49,2.82,scattered clouds
85,Portland,US,45.5234,-122.6762,44.2,90,75,4.0,broken clouds
86,Bekhtery,UA,46.251,32.2927,42.01,82,100,14.41,overcast clouds
87,Kodiak,US,57.79,-152.4072,12.22,72,13,30.58,few clouds
88,Charters Towers,AU,-20.1,146.2667,74.53,81,100,7.7,overcast clouds
89,Ayagoz,KZ,47.9714,80.4392,20.89,95,100,3.51,light snow
90,Olinda,BR,-8.0089,-34.8553,82.15,69,9,10.76,clear sky
91,Faya,SA,18.3851,42.4509,51.13,40,0,5.73,clear sky
92,Olafsvik,IS,64.8945,-23.7142,42.21,88,100,21.81,heavy intensity rain
93,Port Alfred,ZA,-33.5906,26.891,70.84,90,100,7.54,light rain
94,Katsuura,JP,35.1333,140.3,54.1,65,19,6.76,few clouds
95,Chimore,BO,-16.9833,-65.1333,81.68,90,67,2.73,broken clouds
96,Narsaq,GL,60.9167,-46.05,17.82,80,4,5.35,clear sky
97,Chokurdakh,RU,70.6333,147.9167,-36.38,97,99,1.5,overcast clouds
98,Pryazha,RU,61.6926,33.6216,18.84,95,92,5.19,overcast clouds
99,Lasa,IT,46.6166,10.7002,30.36,85,31,7.54,scattered clouds
100,Vestmannaeyjar,IS,63.4427,-20.2734,44.4,69,100,21.59,overcast clouds
101,Ahipara,NZ,-35.1667,173.1667,68.18,96,100,5.14,light rain
102,Meulaboh,ID,4.1363,96.1285,76.51,90,85,5.44,overcast clouds
103,Farafangana,MG,-22.8167,47.8333,76.57,78,0,8.57,clear sky
104,Dingle,PH,10.9995,122.6711,75.42,93,100,7.72,overcast clouds
105,San Patricio,US,28.017,-97.5169,64.81,32,0,5.82,clear sky
106,Cherskiy,RU,68.75,161.3,-42.65,100,47,1.66,scattered clouds
107,Arsenyev,RU,44.1631,133.2733,9.46,73,97,12.88,overcast clouds
108,Batagay,RU,67.6333,134.6333,-39.95,100,97,1.7,overcast clouds
109,Albany,US,42.6001,-73.9662,45.09,35,0,3.0,clear sky
110,Synya,RU,65.3718,58.0387,10.54,94,96,7.45,overcast clouds
111,Barrow,US,71.2906,-156.7887,-11.18,77,20,13.8,few clouds
112,Lompoc,US,34.6391,-120.4579,64.42,60,1,3.0,clear sky
113,Itaituba,BR,-4.2761,-55.9836,79.38,96,100,1.59,overcast clouds
114,Souillac,MU,-20.5167,57.5167,77.36,71,86,13.35,overcast clouds
115,Gavrilovka Vtoraya,RU,52.877,42.7663,21.16,74,9,10.76,clear sky
116,Banamba,ML,13.55,-7.45,79.02,11,100,7.72,overcast clouds
117,Provideniya,RU,64.3833,-173.3,-10.64,89,57,5.95,broken clouds
118,Yumen,CN,40.2833,97.2,20.37,39,0,11.79,clear sky
119,Tukrah,LY,32.5341,20.5791,58.91,71,9,12.06,clear sky
120,Cockburn Town,TC,21.4612,-71.1419,82.36,69,40,11.5,scattered clouds
121,Sukhobezvodnoye,RU,57.0491,44.8891,12.34,93,100,5.3,overcast clouds
122,Fare,PF,-16.7,-151.0167,80.64,74,98,11.54,overcast clouds
123,Araouane,ML,18.9048,-3.5265,74.61,8,8,7.81,clear sky
124,Linda,US,39.1277,-121.5508,52.32,79,90,17.27,overcast clouds
125,Sayyan,YE,15.1718,44.3244,45.59,47,0,4.54,clear sky
126,Nueva Loja,EC,0.0847,-76.8828,89.08,62,40,3.44,scattered clouds
127,Qandala,SO,11.472,49.8728,76.21,78,18,8.75,few clouds
128,La Concordia,NI,13.1953,-86.1667,77.34,59,19,12.55,few clouds
129,Kumher,IN,27.3167,77.3667,55.56,46,2,2.89,clear sky
130,Beringovskiy,RU,63.05,179.3167,-22.47,90,100,10.83,overcast clouds
131,Idlib,SY,35.9306,36.6339,47.59,54,100,6.17,overcast clouds
132,Niquero,CU,20.0431,-77.5828,85.48,58,26,4.07,scattered clouds
133,Kapit,MY,2.0167,112.9333,74.16,99,100,0.87,light rain
134,Amapa,BR,1.0,-52.0,86.22,60,81,4.05,broken clouds
135,Mocuba,MZ,-16.8392,36.9856,81.48,67,0,8.79,clear sky
136,Krasnyy Oktyabr,RU,56.1167,38.8833,19.51,96,97,6.98,overcast clouds
137,Skelleftea,SE,64.7507,20.9528,33.01,69,75,1.99,broken clouds
138,Kuah,MY,6.3265,99.8432,79.97,76,42,17.9,scattered clouds
139,Kita,ML,13.0349,-9.4895,82.62,11,13,4.63,few clouds
140,Severo-Kurilsk,RU,50.6789,156.125,33.22,96,87,13.89,light snow
141,Mangrol,IN,21.1167,70.1167,73.94,59,0,5.7,clear sky
142,Codrington,AU,-38.2667,141.9667,66.92,35,99,8.75,overcast clouds
143,Bethel,US,41.3712,-73.414,47.19,39,0,5.99,clear sky
144,Seoul,KR,37.5683,126.9778,26.04,31,0,10.83,clear sky
145,Juneau,US,58.3019,-134.4197,27.21,95,100,7.81,overcast clouds
146,Sangar,RU,63.9242,127.4739,-32.67,98,85,1.81,overcast clouds
147,Georgetown,MY,5.4112,100.3354,79.9,82,40,9.22,thunderstorm
148,Zhigansk,RU,66.7697,123.3711,-39.1,100,99,4.27,overcast clouds
149,Palaikastron,GR,35.2,26.25,61.75,73,16,9.01,few clouds
150,Moroto,UG,2.5345,34.6666,71.89,50,100,20.02,overcast clouds
151,Kapitanivka,UA,48.9172,31.7167,39.79,76,100,11.41,overcast clouds
152,Termiz,UZ,37.2242,67.2783,39.29,70,99,2.3,mist
153,Vanimo,PG,-2.6741,141.3028,78.87,88,100,6.51,overcast clouds
154,Saint-Philippe,RE,-21.3585,55.7679,78.39,79,60,14.74,light rain
155,Sumter,US,28.7086,-82.0831,85.44,76,100,8.25,overcast clouds
156,Sao Filipe,CV,14.8961,-24.4956,75.42,69,88,8.79,overcast clouds
157,Upernavik,GL,72.7868,-56.1549,6.35,92,100,9.98,overcast clouds
158,Necochea,AR,-38.5473,-58.7368,72.03,49,100,18.1,overcast clouds
159,Trapani,IT,37.8333,12.6667,49.93,78,100,11.56,overcast clouds
160,Castro,BR,-24.7911,-50.0119,77.5,49,100,4.79,overcast clouds
161,Tessalit,ML,20.1986,1.0114,74.44,7,3,7.63,clear sky
162,Beloha,MG,-25.1667,45.05,74.19,81,86,10.69,overcast clouds
163,Avera,US,33.194,-82.5271,62.11,39,0,8.03,clear sky
164,Buchanan,LR,5.8808,-10.0467,82.36,80,17,8.3,few clouds
165,Thompson,CA,55.7435,-97.8558,7.39,90,99,1.16,overcast clouds
166,Richards Bay,ZA,-28.783,32.0377,72.59,82,100,10.36,overcast clouds
167,Victoria,HK,22.2855,114.1577,67.32,71,27,3.0,scattered clouds
168,Ormara,PK,25.2088,64.6357,72.16,43,100,4.47,overcast clouds
169,Hofn,IS,64.2539,-15.2082,40.64,86,100,5.26,overcast clouds
170,Ponta Delgada,PT,37.7333,-25.6667,59.72,67,40,12.66,scattered clouds
171,Alofi,NU,-19.0595,-169.9187,78.13,70,8,6.91,clear sky
172,Ozernovskiy,RU,51.5,156.5167,32.31,99,100,10.78,snow
173,Salinas,US,36.6777,-121.6555,56.82,65,100,2.15,overcast clouds
174,Bandarbeyla,SO,9.4942,50.8122,77.0,79,7,23.35,clear sky
175,Arman,RU,59.7,150.1667,12.58,94,100,9.13,light snow
176,Birao,CF,10.2849,22.7882,77.38,26,55,5.99,broken clouds
177,Krasnoarmeysk,RU,51.0239,45.6969,18.16,82,14,8.81,few clouds
178,Bathsheba,BB,13.2167,-59.5167,81.21,89,75,16.11,broken clouds
179,Iqaluit,CA,63.7506,-68.5145,5.7,71,100,1.99,overcast clouds
180,Norrtalje,SE,59.758,18.705,32.18,92,100,1.54,overcast clouds
181,Ingham,US,42.6,-84.3833,47.91,49,1,5.75,clear sky
182,Manggar,ID,-2.8833,108.2667,78.69,87,100,7.45,overcast clouds
183,Quesnel,CA,52.9999,-122.5029,23.95,82,100,6.62,overcast clouds
184,Toppenish,US,46.3774,-120.3087,44.35,65,90,6.89,overcast clouds
185,Hun,LY,29.1268,15.9477,53.46,49,1,8.05,clear sky
186,Quatre Cocos,MU,-20.2078,57.7625,77.09,68,100,15.01,overcast clouds
187,Adrar,MR,20.5022,-10.0711,72.86,13,66,9.82,broken clouds
188,Rincon,US,32.296,-81.2354,64.58,50,20,1.99,few clouds
189,Ventspils,LV,57.3894,21.5606,31.93,100,90,8.05,overcast clouds
190,Payakumbuh,ID,-0.2202,100.6308,70.63,99,100,1.54,overcast clouds
191,Manyana,BW,-23.4,21.7167,75.18,54,100,12.75,overcast clouds
192,Muscat,OM,23.6139,58.5922,69.82,62,11,4.7,few clouds
193,Cidreira,BR,-30.1811,-50.2056,74.82,75,0,10.51,clear sky
194,Constitucion,CL,-35.3333,-72.4167,62.22,56,0,18.34,clear sky
195,Alekseyevsk,RU,57.8406,108.3492,-4.13,100,97,3.31,overcast clouds
196,Hamilton,US,39.1834,-84.5333,49.75,47,1,1.01,clear sky
197,Zalantun,CN,48.0,122.7167,8.89,71,100,4.25,overcast clouds
198,Clyde River,CA,70.4692,-68.5914,-1.97,84,28,9.22,light snow
199,Salina,US,38.8403,-97.6114,56.17,25,1,16.11,clear sky
200,Honningsvag,NO,70.9821,25.9704,29.95,93,90,12.66,snow
201,Dudinka,RU,69.4058,86.1778,-21.53,91,100,6.29,overcast clouds
202,Pangnirtung,CA,66.1451,-65.7125,-3.75,71,94,5.37,overcast clouds
203,New Norfolk,AU,-42.7826,147.0587,49.5,74,25,2.1,scattered clouds
204,Albion,US,42.2431,-84.753,47.91,43,1,14.97,clear sky
205,Mulchen,CL,-37.7167,-72.2333,69.82,26,97,5.5,overcast clouds
206,Grand Gaube,MU,-20.0064,57.6608,77.38,66,100,4.0,overcast clouds
207,Pevek,RU,69.7008,170.3133,-33.63,96,20,0.63,few clouds
208,Sungairaya,ID,0.7,108.9,78.08,88,100,5.17,overcast clouds
209,Te Anau,NZ,-45.4167,167.7167,50.4,83,65,0.49,broken clouds
210,Gushikawa,JP,26.3544,127.8686,67.62,71,90,14.97,overcast clouds
211,Hay River,CA,60.8156,-115.7999,-1.23,93,58,10.29,broken clouds
212,Hambantota,LK,6.1241,81.1185,73.74,100,20,3.44,few clouds
213,Khandyga,RU,62.6667,135.6,-40.58,100,80,1.48,broken clouds
214,Luce,FR,48.4369,1.4636,50.0,97,100,4.0,overcast clouds
215,Kavaratti,IN,10.5669,72.642,81.59,73,62,1.7,broken clouds
216,Ancud,CL,-41.8697,-73.8203,62.42,65,53,12.24,broken clouds
217,Novi Di Modena,IT,44.8905,10.9014,41.63,81,35,5.06,scattered clouds
218,Limoeiro Do Ajuru,BR,-1.8953,-49.3806,88.3,58,89,3.87,overcast clouds
219,Kailua,US,21.4022,-157.7394,78.78,59,96,19.75,overcast clouds
220,Luanda,AO,-8.8368,13.2343,82.4,78,40,4.61,scattered clouds
221,Harnosand,SE,62.6323,17.9379,30.99,85,100,13.62,overcast clouds
222,Isangel,VU,-19.55,169.2667,80.31,87,99,8.3,moderate rain
223,Berlevag,NO,70.8578,29.0864,26.4,91,100,14.52,overcast clouds
224,Kruisfontein,ZA,-34.0033,24.7314,69.89,85,100,10.74,overcast clouds
225,Qui Nhon,VN,13.7667,109.2333,72.37,86,41,18.88,scattered clouds
226,Acapulco,MX,16.8634,-99.8901,85.82,70,1,3.44,clear sky
227,Gorele,TR,41.0308,39.0031,54.84,48,3,9.33,clear sky
228,Yulara,AU,-25.2406,130.9889,78.35,44,100,9.19,overcast clouds
229,Ipixuna,BR,-1.7625,-48.8043,82.35,71,100,4.56,overcast clouds
230,Pontal Do Parana,BR,-25.6533,-48.5128,84.2,88,100,4.45,overcast clouds
231,Toucheng,TW,24.8592,121.8233,66.45,87,100,11.61,overcast clouds
232,Thunder Bay,CA,48.4001,-89.3168,39.56,70,0,1.01,clear sky
233,Zemaiciu Naumiestis,LT,55.3592,21.7022,28.06,98,95,6.38,overcast clouds
234,Warrington,GB,53.3925,-2.5802,54.86,88,20,1.99,few clouds
235,Havoysund,NO,70.9963,24.6622,31.08,96,100,12.1,light snow
236,Kutum,SD,14.2,24.6667,70.7,20,67,7.29,broken clouds
237,Ayr,GB,55.4627,-4.6339,54.48,87,75,21.85,broken clouds
238,Thenzawl,IN,23.3167,92.75,49.84,74,0,2.98,clear sky
239,Sitka,US,57.0531,-135.33,33.69,80,90,9.22,light snow
240,Alamos,MX,27.0167,-108.9333,78.91,29,5,5.06,clear sky
241,Caldas Da Rainha,PT,39.4033,-9.1384,64.02,82,6,5.99,clear sky
242,Shelburne,CA,44.0787,-80.2041,40.68,77,0,19.98,clear sky
243,Dickinson,US,29.4608,-95.0513,61.16,64,1,1.99,clear sky
244,Emerald,AU,-23.5333,148.1667,73.98,57,0,9.06,clear sky
245,Makaryev,RU,57.8797,43.8069,13.08,93,81,6.4,broken clouds
246,Placido De Castro,BR,-10.3353,-67.1856,85.46,71,31,6.73,scattered clouds
247,Hasaki,JP,35.7333,140.8333,45.0,63,11,15.26,few clouds
248,Asau,RO,46.4333,26.4,40.95,84,100,3.62,light rain
249,Mahibadhoo,MV,3.7833,72.9667,81.68,76,99,10.42,overcast clouds
250,Marawi,PH,7.9986,124.2928,67.64,96,100,1.72,overcast clouds
251,Shimoda,JP,34.6667,138.95,53.1,62,1,27.02,clear sky
252,Jumla,NP,29.2747,82.1838,37.4,40,74,5.08,broken clouds
253,Faanui,PF,-16.4833,-151.75,80.51,73,100,9.86,light rain
254,Vila Franca Do Campo,PT,37.7167,-25.4333,59.41,68,100,21.16,overcast clouds
255,Anadyr,RU,64.75,177.4833,-38.88,96,27,0.85,scattered clouds
256,Saint-Pierre,RE,-21.3393,55.4781,78.48,68,0,16.11,clear sky
257,Soc Trang,VN,9.6033,105.98,75.16,90,100,2.55,overcast clouds
258,Praia,CV,14.9215,-23.5087,75.74,69,97,11.5,overcast clouds
259,Muros,ES,42.7762,-9.0603,56.84,93,94,4.38,overcast clouds
260,Matanzas,CU,23.0411,-81.5775,83.16,69,75,9.22,broken clouds
261,Maceio,BR,-9.6658,-35.7353,87.24,62,40,16.11,scattered clouds
262,Pangai,TO,-19.8,-174.35,80.71,74,20,11.5,light rain
263,Coos Bay,US,43.3665,-124.2179,48.85,88,40,14.97,scattered clouds
264,Torbay,CA,47.6666,-52.7314,57.67,92,100,35.97,light rain
265,Zalesovo,RU,53.9939,84.7431,-11.97,100,61,1.92,broken clouds
266,Batticaloa,LK,7.7102,81.6924,79.11,84,100,10.16,light rain
267,Odweyne,SO,9.4092,45.064,66.7,60,0,8.66,clear sky
268,Buenos Aires,AR,-34.6132,-58.3772,80.28,64,0,9.22,clear sky
269,Gigmoto,PH,13.7796,124.39,78.87,87,86,17.09,overcast clouds
270,Pacific Grove,US,36.6177,-121.9166,55.51,68,90,1.99,overcast clouds
271,High Level,CA,58.5169,-117.136,-4.14,91,100,5.53,overcast clouds
272,Litovko,RU,49.2361,135.1742,10.96,95,91,6.17,overcast clouds
273,Nanortalik,GL,60.1432,-45.2371,21.72,79,19,8.81,few clouds
274,Bubaque,GW,11.2833,-15.8333,81.57,74,16,13.76,few clouds
275,Sanger,US,36.708,-119.556,62.08,70,75,3.0,broken clouds
276,Senanga,ZM,-16.1167,23.2667,80.87,45,100,10.71,overcast clouds
277,Gat,IL,31.61,34.7642,69.91,40,100,1.48,overcast clouds
278,Prata,BR,-19.3072,-48.9242,86.72,52,92,2.93,overcast clouds
279,Dicabisagan,PH,17.0818,122.4157,74.64,87,100,10.67,overcast clouds
280,Kirakira,SB,-10.4544,161.9205,81.46,85,98,12.8,overcast clouds
281,Heihe,CN,50.2441,127.4902,-3.6,85,11,5.32,few clouds
282,Tres Passos,BR,-27.4556,-53.9319,76.59,32,59,4.47,broken clouds
283,Huarmey,PE,-10.0681,-78.1522,73.63,71,66,11.72,broken clouds
284,Baturite,BR,-4.3286,-38.8847,92.73,35,89,9.75,overcast clouds
285,Bonthe,SL,7.5264,-12.505,80.89,79,12,7.85,few clouds
286,Atar,MR,20.5169,-13.0499,77.72,12,88,8.55,overcast clouds
287,Aklavik,CA,68.2191,-135.0107,-2.72,90,100,22.75,overcast clouds
288,Matamoros,MX,25.5333,-103.25,68.11,33,75,8.05,broken clouds
289,Saint George,US,37.1041,-113.5841,57.67,41,1,1.99,clear sky
290,Umm Lajj,SA,25.0213,37.2685,77.45,44,100,2.21,overcast clouds
291,Macapa,BR,0.0389,-51.0664,93.18,55,20,14.97,few clouds
292,Jessheim,NO,60.1415,11.1752,33.91,98,90,6.91,fog
293,Soe,ID,-9.8607,124.284,67.17,92,83,2.26,broken clouds
294,Misratah,LY,32.3754,15.0925,59.81,55,82,13.13,broken clouds
295,Majene,ID,-3.5403,118.9707,77.76,86,67,5.48,broken clouds
296,Realeza,BR,-25.7689,-53.5325,85.46,33,100,4.25,overcast clouds
297,Sisimiut,GL,66.9395,-53.6735,16.59,89,88,7.65,overcast clouds
298,Namatanai,PG,-3.6667,152.4333,79.2,84,100,1.77,light rain
299,Sorland,NO,67.667,12.6934,39.06,68,93,14.76,overcast clouds
300,Poronaysk,RU,49.2167,143.1167,22.73,94,100,17.25,light snow
301,Plettenberg Bay,ZA,-34.0527,23.3716,65.82,86,100,4.54,overcast clouds
302,Tonk,IN,26.1667,75.7833,59.22,48,3,7.34,clear sky
303,Hinton,CA,53.4001,-117.5857,22.1,77,100,3.96,overcast clouds
304,Leh,IN,34.1667,77.5833,10.27,60,89,1.74,overcast clouds
305,Ust-Ishim,RU,57.6935,71.1665,12.38,94,99,6.96,overcast clouds
306,Byron Bay,AU,-28.65,153.6167,69.06,84,89,7.99,overcast clouds
307,Bundibugyo,UG,0.7414,30.0417,75.31,56,100,3.11,overcast clouds
308,Sabang,ID,5.8933,95.3214,82.0,70,4,16.13,clear sky
309,Nelson Bay,AU,-32.7167,152.15,62.01,85,98,1.01,overcast clouds
310,Cervo,ES,43.6702,-7.4101,54.52,82,97,2.68,overcast clouds
311,Husavik,IS,66.0449,-17.3389,35.1,78,100,18.28,overcast clouds
312,Mariinsk,RU,56.2139,87.7472,-3.05,98,94,5.28,overcast clouds
313,Saint Anthony,US,45.0205,-93.218,38.35,57,1,3.0,clear sky
314,Makakilo City,US,21.3469,-158.0858,77.32,75,75,6.91,broken clouds
315,Kovdor,RU,67.5662,30.4758,10.81,98,83,4.36,broken clouds
316,Tuy Hoa,VN,13.0833,109.3,72.01,89,96,15.9,overcast clouds
317,Uchaly,RU,54.2996,59.4521,8.29,87,14,4.7,few clouds
318,Mogadishu,SO,2.0371,45.3438,79.65,84,96,20.38,overcast clouds
319,Natitingou,BJ,10.3042,1.3796,80.96,19,29,6.22,scattered clouds
320,Ziarat,PK,30.3823,67.7282,32.65,24,0,5.17,clear sky
321,Jatai,BR,-17.8814,-51.7144,83.46,58,100,8.57,overcast clouds
322,Chumikan,RU,54.7183,135.315,7.77,91,100,8.59,overcast clouds
323,Balkhash,KZ,46.844,74.9804,28.53,96,100,3.09,light snow
324,Hegang,CN,47.4,130.3667,1.67,80,1,8.52,clear sky
325,Tara,RU,56.8944,74.371,12.85,94,100,6.08,overcast clouds
326,Kiama,AU,-34.6833,150.8667,61.0,89,56,1.01,broken clouds
327,Enshi,CN,30.3,109.4833,46.4,94,100,1.63,overcast clouds
328,Jalu,LY,29.0331,21.5482,58.17,32,6,6.38,clear sky
329,Havelock,US,34.8791,-76.9013,58.98,58,0,5.01,clear sky
330,Kaputa,ZM,-8.4689,29.6619,70.23,84,64,6.4,broken clouds
331,Fukue,JP,32.6881,128.8419,47.28,69,58,29.12,broken clouds
332,Mahbubnagar,IN,16.7333,77.9833,70.79,62,97,5.95,overcast clouds
333,Paka,MY,4.6374,103.4368,76.06,88,54,8.43,broken clouds
334,Eureka,US,40.8021,-124.1637,50.94,95,100,5.01,overcast clouds
335,Saint-Augustin,CA,51.226,-58.6502,35.19,78,100,24.2,overcast clouds
336,Norman Wells,CA,65.282,-126.8329,-3.06,93,100,14.03,overcast clouds
337,Talakan,RU,50.3167,130.3667,-6.7,99,75,5.5,broken clouds
338,Straumen,NO,63.8709,11.2999,36.63,93,100,3.96,overcast clouds
339,San Cristobal,VE,7.7669,-72.225,78.98,39,100,4.81,overcast clouds
340,Tromso,NO,69.6496,18.957,32.38,86,75,1.01,light snow
341,Klaksvik,FO,62.2266,-6.589,43.72,72,100,18.63,overcast clouds
342,Broome,US,42.2506,-75.833,46.06,47,1,3.0,clear sky
343,Taltal,CL,-25.4,-70.4833,65.68,71,26,7.14,scattered clouds
344,Esperance,AU,-33.8667,121.9,54.7,62,84,5.21,broken clouds
345,Samarai,PG,-10.6167,150.6667,81.73,81,100,12.19,overcast clouds
346,Noumea,NC,-22.2763,166.4572,82.99,99,100,5.95,light rain
347,Takayama,JP,36.1333,137.25,36.46,96,100,5.99,overcast clouds
348,Los Llanos De Aridane,ES,28.6585,-17.9182,64.15,87,75,3.0,broken clouds
349,Manglaur,IN,29.8,77.8667,53.96,49,100,4.0,overcast clouds
350,Maykor,RU,59.0059,55.88,8.69,91,100,4.32,overcast clouds
351,Kahului,US,20.8947,-156.47,77.02,82,40,18.41,scattered clouds
352,Fortuna,US,40.5982,-124.1573,50.67,76,40,5.99,scattered clouds
353,Dawlatabad,AF,36.4141,64.9053,46.36,65,100,1.21,overcast clouds
354,Wewak,PG,-3.5534,143.6268,77.52,94,100,10.94,light rain
355,Poum,NC,-20.2333,164.0167,78.58,85,100,13.53,overcast clouds
356,Kalmunai,LK,7.4167,81.8167,77.56,88,100,7.9,moderate rain
357,Bardiyah,LY,31.7561,25.0865,61.75,36,12,7.38,few clouds
358,Sibolga,ID,1.7427,98.7792,76.41,90,100,2.3,overcast clouds
359,High Rock,BS,26.6208,-78.2833,80.62,69,9,6.58,clear sky
360,Kalynivka,UA,49.4539,28.5261,39.85,89,100,10.27,overcast clouds
361,Zhuhai,CN,22.2769,113.5678,67.05,68,0,19.57,clear sky
362,Darayya,SY,33.459,36.2374,60.01,38,100,7.02,overcast clouds
363,Abu Samrah,SY,35.3029,37.1841,57.06,46,81,7.29,broken clouds
364,Santa Cruz,BO,-17.8,-63.1667,77.05,83,90,10.36,moderate rain
365,Ust-Omchug,RU,61.15,149.6333,-5.57,99,100,8.48,overcast clouds
366,Santa Rosa,PH,14.3122,121.1114,78.12,81,96,14.38,overcast clouds
367,Inzhavino,RU,52.3185,42.4937,21.09,74,7,10.38,clear sky
368,Gamba,GA,-2.65,10.0,75.99,93,100,1.39,overcast clouds
369,Ordu,TR,40.9086,37.6845,36.1,47,0,9.57,clear sky
370,Pyaozerskiy,RU,65.8333,31.1667,24.96,97,100,3.89,light snow
371,Teguldet,RU,57.3064,88.1667,-2.54,98,93,4.81,overcast clouds
372,Hami,CN,42.8,93.45,23.38,44,0,5.73,clear sky
373,Touros,BR,-5.1989,-35.4608,86.9,65,16,15.35,few clouds
374,Hobe Sound,US,27.0595,-80.1364,86.02,76,40,6.91,scattered clouds
375,Marsh Harbour,BS,26.5412,-77.0636,77.31,73,1,7.67,clear sky
376,Caravelas,BR,-17.7125,-39.2481,81.84,67,28,10.51,scattered clouds
377,Aksu,CN,41.1231,80.2644,20.98,69,3,1.95,clear sky
378,Mikuni,JP,36.2171,136.1519,44.31,74,100,16.33,overcast clouds
379,Bousso,TD,10.4795,16.7117,80.92,18,8,7.14,clear sky
380,Manta,EC,-0.95,-80.7333,76.78,83,90,3.44,light rain
381,Dukat,RU,62.55,155.55,-5.78,99,100,4.03,overcast clouds
382,Inirida,CO,3.8653,-67.9239,87.37,65,36,1.63,scattered clouds
383,Komsomolskiy,UZ,40.4272,71.7189,36.32,55,10,2.3,haze
384,Walvis Bay,NA,-22.9575,14.5053,63.09,76,0,17.43,clear sky
385,Rio Grande,BR,-32.035,-52.0986,86.11,63,0,15.82,clear sky
386,Airai,TL,-8.9266,125.4092,61.18,91,100,1.36,overcast clouds
387,Nuuk,GL,64.1835,-51.7216,20.01,86,20,20.71,light shower snow
388,Sindor,RU,62.8629,51.8905,11.07,86,100,6.4,overcast clouds
389,Chilca,PE,-12.5211,-76.7372,74.84,80,11,8.59,few clouds
390,Oltu,TR,40.5498,42.0013,36.54,48,7,5.95,clear sky
391,Onguday,RU,50.75,86.15,19.22,92,100,1.05,light snow
392,Chapais,CA,49.7834,-74.8492,22.78,92,100,11.25,overcast clouds
393,Mareeba,AU,-17.0,145.4333,75.92,95,82,1.97,broken clouds
394,Muromtsevo,RU,56.3724,75.2418,11.32,93,100,7.14,overcast clouds
395,Tazovskiy,RU,67.4667,78.7,-19.3,88,93,6.89,overcast clouds
396,Along,IN,28.1667,94.7667,51.58,77,31,1.79,scattered clouds
397,Barddhaman,IN,23.25,87.85,62.85,47,0,4.72,clear sky
398,Muzhi,RU,65.3667,64.6667,2.75,96,88,2.24,overcast clouds
399,Rawson,AR,-43.3002,-65.1023,75.15,19,75,19.46,broken clouds
400,Saint-Georges,GD,12.0564,-61.7485,79.95,81,100,13.35,overcast clouds
401,Rupert,US,42.6191,-113.6772,44.49,39,90,23.02,overcast clouds
402,Mount Pleasant,US,32.7941,-79.8626,63.09,50,1,5.99,clear sky
403,Ostrovnoy,RU,68.0531,39.5131,30.13,91,100,19.01,overcast clouds
404,Camacari,BR,-12.6975,-38.3242,83.97,63,100,10.94,overcast clouds
405,Taungdwingyi,MM,20.0167,95.55,67.55,77,0,3.27,clear sky
406,Omboue,GA,-1.5746,9.2618,76.73,90,100,1.63,overcast clouds
407,Kuantan,MY,3.8077,103.326,75.42,87,96,8.7,overcast clouds
408,Shitanjing,CN,39.2342,106.3439,20.48,33,0,3.62,clear sky
409,Laplace,US,30.0666,-90.4801,61.99,63,1,1.99,clear sky
410,General Roca,AR,-39.0333,-67.5833,76.62,14,5,27.47,clear sky
411,Canchungo,GW,12.0672,-16.0333,78.6,65,31,8.03,scattered clouds
412,Ust-Barguzin,RU,53.45,108.9833,25.77,70,100,13.87,overcast clouds
413,Honiara,SB,-9.4333,159.95,78.53,90,100,3.51,overcast clouds
414,Pak Phanang,TH,8.3511,100.202,78.51,74,100,9.08,overcast clouds
415,Lavrentiya,RU,65.5833,-171.0,-13.4,84,1,4.76,clear sky
416,Tres Picos,MX,15.8667,-93.5333,92.32,37,0,0.94,clear sky
417,Popondetta,PG,-8.7537,148.2534,73.0,93,100,3.04,moderate rain
418,Broken Hill,AU,-31.95,141.4333,74.01,20,2,9.15,clear sky
419,Bandiagara,ML,14.3501,-3.6104,82.17,13,100,7.27,overcast clouds
420,Nazarovo,RU,56.0064,90.3914,1.67,95,100,8.05,overcast clouds
421,Kasempa,ZM,-13.4584,25.8338,73.29,46,80,5.7,broken clouds
422,Ghauspur,PK,28.1391,69.0831,55.29,21,95,6.64,overcast clouds
423,Verkhnyaya Toyma,RU,62.2349,44.9985,5.74,94,14,5.28,few clouds
424,Xining,CN,36.6167,101.7667,22.64,27,0,1.54,clear sky
425,Fairbanks,US,64.8378,-147.7164,-10.79,70,1,0.0,light snow
426,Laela,TZ,-8.5667,32.05,63.66,88,100,1.52,light rain
427,Hue,VN,16.4667,107.6,69.91,94,75,3.44,broken clouds
428,Ekibastuz,KZ,51.6667,75.3667,1.98,96,24,7.05,few clouds
429,Chuy,UY,-33.6971,-53.4616,80.24,52,0,14.54,clear sky
430,Arona,ES,28.0996,-16.681,61.83,66,75,16.11,broken clouds
431,Lingao,CN,19.9103,109.6859,67.84,75,13,10.98,few clouds
432,Shahdadkot,PK,27.8477,67.9055,63.43,22,100,4.74,overcast clouds
433,Florianopolis,BR,-27.6146,-48.5012,74.43,78,40,6.91,scattered clouds
434,Pisco,PE,-13.7,-76.2167,73.45,68,40,13.8,scattered clouds
435,Topolobampo,MX,25.6,-109.05,77.05,53,1,6.91,clear sky
436,Ubinskoye,RU,55.3068,79.6802,3.92,96,100,5.86,overcast clouds
437,Kuching,MY,1.55,110.3333,75.42,100,40,2.3,moderate rain
438,Suez,EG,29.9737,32.5263,68.14,48,100,2.86,overcast clouds
439,Tautira,PF,-17.7333,-149.15,84.22,78,44,11.74,light rain
440,Ugoofaaru,MV,5.6667,73.0,82.26,76,99,11.9,overcast clouds
441,Padang,ID,-0.9492,100.3543,77.59,86,100,3.51,overcast clouds
442,Grants,US,35.1473,-107.8514,41.23,28,1,0.0,clear sky
443,Saint-Joseph,RE,-21.3667,55.6167,77.38,78,59,14.2,broken clouds
444,Akyab,MM,20.15,92.9,71.15,57,3,7.27,clear sky
445,Brownfield,US,33.1812,-102.2744,64.94,16,0,16.98,clear sky
446,Bastrop,US,32.7562,-91.8724,54.43,48,0,1.01,clear sky
447,Monrovia,LR,6.3005,-10.7969,82.17,79,10,9.15,clear sky
448,Davila,PH,18.4726,120.5763,75.74,76,52,23.17,broken clouds
449,Umm Kaddadah,SD,13.6017,26.6876,74.57,26,19,11.39,few clouds
450,Deputatskiy,RU,69.3,139.9,-28.61,97,100,1.28,overcast clouds
451,Santa Maria,BR,-29.6842,-53.8069,88.93,37,80,4.59,broken clouds
452,Agadir,MA,30.4202,-9.5982,63.05,46,16,4.29,few clouds
453,Baherden,TM,38.4362,57.4316,47.95,70,47,8.43,scattered clouds
454,Lincoln,US,40.8,-96.667,52.66,39,1,5.99,clear sky
455,Banjar,ID,-8.19,114.9675,80.46,91,100,4.79,overcast clouds
456,Bonavista,CA,48.6499,-53.1147,49.26,91,100,35.25,overcast clouds
457,Inhambane,MZ,-23.865,35.3833,79.95,88,1,11.39,clear sky
458,Alice Springs,AU,-23.7,133.8833,67.55,42,27,6.91,scattered clouds
459,Vicuna,CL,-30.0319,-70.7081,60.53,35,1,11.18,clear sky
460,Skibbereen,IE,51.55,-9.2667,53.4,83,91,27.31,overcast clouds
461,Sinjai,ID,-5.1241,120.253,74.75,86,100,4.83,overcast clouds
462,Monitos,CO,8.25,-76.05,85.93,65,70,6.71,broken clouds
463,Zvishavane,ZW,-20.3267,30.0665,80.53,28,11,5.68,few clouds
464,Erzin,TR,36.9559,36.2,59.52,54,100,8.52,overcast clouds
465,Benghazi,LY,32.1167,20.0667,61.79,60,46,14.63,scattered clouds
466,Bajil,YE,15.0584,43.2851,77.68,65,0,9.24,clear sky
467,Vredendal,ZA,-31.6683,18.5012,69.06,62,100,15.03,overcast clouds
468,Port Hedland,AU,-20.3167,118.5667,84.25,79,75,9.22,broken clouds
469,Stokmarknes,NO,68.5646,14.9108,37.38,70,75,6.91,broken clouds
470,Calama,CL,-22.4667,-68.9333,72.09,23,20,24.16,few clouds
471,Oriximina,BR,-1.7656,-55.8661,82.8,81,100,0.72,light rain
472,Chipinge,ZW,-20.1883,32.6236,70.27,77,8,10.49,clear sky
473,Mountain Home,US,43.133,-115.6912,47.1,100,90,13.8,overcast clouds
474,Lata,PT,40.1629,-8.3327,54.07,77,13,3.49,few clouds
475,Marihatag,PH,8.7936,126.2969,77.0,89,100,4.92,overcast clouds
476,Takoradi,GH,4.8845,-1.7554,81.05,82,100,8.61,overcast clouds
477,Ashland,US,40.8167,-82.2665,46.11,49,0,14.9,clear sky
478,Ilulissat,GL,69.2167,-51.1,17.62,73,90,5.75,overcast clouds
479,Okhotsk,RU,59.3833,143.3,-1.21,76,100,18.61,overcast clouds
480,Ikom,NG,5.9667,8.7063,81.97,33,98,1.77,overcast clouds
481,Porto Novo,BJ,6.4965,2.6036,81.86,77,33,8.39,scattered clouds
482,Sistranda,NO,63.7256,8.834,41.9,78,100,17.96,light rain
483,Okahandja,NA,-21.9833,16.9167,82.83,21,46,15.19,scattered clouds
484,Cayenne,GF,4.9333,-52.3333,77.04,92,90,1.01,light rain
485,Hastings,GB,50.8552,0.5729,53.53,90,100,17.18,overcast clouds
486,Paltinis,RO,48.2167,26.65,45.01,96,100,1.16,overcast clouds
487,French Harbor,HN,16.35,-86.4333,84.2,84,20,1.99,few clouds
488,Effingham,US,32.3669,-81.3332,64.58,55,0,7.43,clear sky
489,Nemuro,JP,43.3236,145.575,39.79,61,9,27.11,clear sky
490,Kununurra,AU,-15.7667,128.7333,82.38,74,6,4.61,clear sky
491,Kiunga,PG,-6.1219,141.2906,73.29,99,100,3.65,overcast clouds
492,Unai,BR,-16.3575,-46.9061,81.14,76,100,4.5,light rain
493,Korla,CN,41.7597,86.1469,18.99,72,73,2.15,broken clouds
494,Port Macquarie,AU,-31.4333,152.9167,60.89,87,1,9.31,clear sky
495,Teguise,ES,29.0605,-13.564,62.82,82,0,9.22,clear sky
496,Weinan,CN,34.5036,109.5089,35.08,50,0,4.16,clear sky
497,Shache,CN,38.4167,77.2406,22.93,60,3,3.11,clear sky
498,Ayan,RU,56.45,138.1667,9.18,67,100,11.34,overcast clouds
499,Ler,SS,8.3018,30.1418,81.23,27,68,4.32,broken clouds
500,Leshukonskoye,RU,64.8989,45.7622,13.84,89,100,7.27,overcast clouds
501,Cabo San Lucas,MX,22.8909,-109.9124,79.18,66,20,5.01,few clouds
502,Altay,CN,47.8667,88.1167,10.17,59,82,6.44,broken clouds
503,Punta Alta,AR,-38.8759,-62.0736,80.17,25,3,16.26,clear sky
504,Ayna,PE,-12.65,-73.9167,75.6,60,90,4.63,overcast clouds
505,Anna,RU,51.4842,40.4299,25.63,57,42,11.41,scattered clouds
506,Kotido,UG,2.9806,34.1331,75.38,40,62,13.67,broken clouds
507,Kirkwall,GB,58.9848,-2.9587,46.74,93,75,6.91,broken clouds
508,Khakhea,BW,-24.6895,23.494,72.97,67,100,15.59,overcast clouds
509,Solnechnyy,RU,50.7214,136.6319,13.68,91,100,8.63,light snow
510,Lekoni,GA,-1.5843,14.2591,75.6,82,99,2.57,overcast clouds
511,Kysyl-Syr,RU,63.8986,122.7617,-25.04,99,100,5.32,overcast clouds
512,Flin Flon,CA,54.7682,-101.865,14.54,87,100,3.02,overcast clouds
513,San Miguel,SV,13.4833,-88.1833,94.48,38,26,1.97,scattered clouds
514,Chivacoa,VE,10.1603,-68.895,88.12,41,89,8.48,overcast clouds
515,Mukono,UG,0.3533,32.7553,67.19,81,100,1.3,overcast clouds
516,Jiaojiang,CN,28.6803,121.4428,52.0,77,100,12.03,overcast clouds
517,Mackenzie,CA,55.2999,-123.1698,17.82,93,75,2.3,broken clouds
518,Ondjiva,AO,-17.0667,15.7333,78.1,47,100,6.51,overcast clouds
519,Macia,MZ,-25.0269,33.0989,83.5,59,100,8.34,overcast clouds
520,Neiafu,TO,-18.65,-173.9833,75.88,94,40,0.0,light rain
521,Mirnyy,RU,62.5353,113.9611,-27.02,97,100,5.91,overcast clouds
522,Casablanca,MA,33.5928,-7.6192,59.32,82,0,11.01,clear sky
523,Najran,SA,17.4924,44.1277,54.52,52,8,2.57,clear sky
524,Sinjar,IQ,36.3209,41.8754,53.33,27,100,3.38,overcast clouds
525,Naliya,IN,23.2667,68.8333,70.74,33,5,6.91,clear sky
526,El Bagre,CO,7.5927,-74.8086,84.07,71,99,3.96,overcast clouds
527,Wote,KE,-1.7808,37.6288,63.57,92,97,2.8,overcast clouds
528,Wattegama,LK,6.7989,81.4808,73.65,92,100,4.23,overcast clouds
529,Jaisalmer,IN,26.9147,70.9181,62.51,22,37,7.49,scattered clouds
530,Leningradskiy,RU,69.3833,178.4167,-32.08,92,3,3.51,clear sky
531,Zhangye,CN,38.9342,100.4517,23.86,36,0,4.63,clear sky
532,Emirdag,TR,39.0197,31.15,46.35,67,22,5.91,few clouds
533,Lakes Entrance,AU,-37.8811,147.981,48.58,90,9,8.46,clear sky
534,Brae,GB,60.3964,-1.353,46.31,79,100,12.26,overcast clouds
535,Dhidhdhoo,MV,6.8833,73.1,82.27,74,56,8.5,broken clouds
536,Casambalangan,PH,18.3765,122.1274,74.52,80,99,12.95,overcast clouds
537,Marrakesh,MA,31.6315,-8.0083,64.47,34,0,4.61,clear sky
538,Alihe,CN,50.5667,123.7167,4.91,62,100,2.35,overcast clouds
539,Maniitsoq,GL,65.4167,-52.9,18.39,70,16,5.79,few clouds
540,Sola,VU,-13.8833,167.55,82.06,78,100,14.23,light rain
541,Tselinnoye,RU,53.0833,85.6667,3.02,100,84,4.41,broken clouds
542,Kichera,RU,55.9375,110.0997,8.92,94,100,2.39,overcast clouds
543,Caorle,IT,45.5966,12.8758,42.46,87,92,5.03,overcast clouds
544,Atherton,GB,53.5237,-2.4935,54.72,88,39,5.99,scattered clouds
545,Terracina,IT,41.2863,13.2217,46.92,65,36,7.29,scattered clouds
546,Andenes,NO,69.3143,16.1194,35.58,80,90,5.75,overcast clouds
547,Itarema,BR,-2.9248,-39.9167,85.6,61,16,19.26,few clouds
548,Bambanglipuro,ID,-7.95,110.2833,60.6,86,92,3.06,overcast clouds
549,Fort-Shevchenko,KZ,44.5086,50.263,31.41,63,0,13.47,clear sky
550,Upata,VE,8.0086,-62.3989,76.19,85,100,4.32,overcast clouds
551,Amurzet,RU,47.6967,131.0981,5.56,76,23,16.33,few clouds
552,Kloulklubed,PW,7.0419,134.2556,83.3,79,81,13.58,broken clouds
553,Kaeo,NZ,-35.1,173.7833,70.32,97,100,3.89,moderate rain
554,Vila Velha,BR,-20.3297,-40.2925,84.15,81,0,18.01,clear sky
555,Mount Gambier,AU,-37.8333,140.7667,63.63,36,12,6.35,few clouds
556,Ranong,TH,9.9658,98.6348,72.52,88,7,4.79,clear sky
557,Port Lincoln,AU,-34.7333,135.8667,60.48,77,87,16.35,overcast clouds
558,George Town,MY,5.4112,100.3354,79.9,83,40,9.22,thunderstorm
559,Mnogovershinnyy,RU,53.9353,139.9242,20.95,95,100,15.03,snow
560,Sao Miguel Do Araguaia,BR,-13.275,-50.1628,81.54,78,100,6.64,light rain
561,Rudbar,AF,30.15,62.6,52.54,30,0,5.91,clear sky
562,Soria,ES,41.6667,-2.6667,42.85,72,97,1.34,overcast clouds
563,Chimbote,PE,-9.0853,-78.5783,72.41,71,47,12.21,scattered clouds
564,Tandil,AR,-37.3217,-59.1332,75.52,54,100,11.34,overcast clouds
565,Arlit,NE,18.7369,7.3853,74.1,7,40,7.74,scattered clouds
566,Udachnyy,RU,66.4167,112.4,-47.47,100,100,4.38,overcast clouds
567,Baruun-Urt,MN,46.6806,113.2792,13.24,59,5,22.75,clear sky
568,Aguas Formosas,BR,-17.0822,-40.9358,82.76,68,99,5.95,overcast clouds
569,Tura,IN,25.5198,90.2201,56.86,71,0,4.03,clear sky
570,Pasni,PK,25.2631,63.471,70.84,50,95,6.53,overcast clouds
571,Coria,ES,39.9879,-6.5377,52.45,83,7,4.03,clear sky
572,Marzuq,YE,14.4,46.4667,58.77,40,0,1.03,clear sky
573,Ambon,ID,-3.6954,128.1814,81.63,79,72,4.52,light rain
574,Mackay,AU,-21.15,149.2,74.68,74,16,15.52,few clouds
575,Nyurba,RU,63.2842,118.3319,-24.36,96,100,6.64,overcast clouds
576,Abu Dhabi,AE,24.4667,54.3667,73.96,63,40,8.05,scattered clouds
577,Puerto Penasco,MX,31.3167,-113.5333,63.91,42,6,3.0,clear sky
578,Gap,FR,44.6667,6.0,28.11,80,6,5.37,clear sky
579,Manzanillo,CU,20.3433,-77.1167,89.33,45,2,11.54,clear sky
580,Valdivia,CL,-39.8142,-73.2459,59.09,57,61,8.5,broken clouds
581,Camacha,PT,33.0833,-16.3333,63.54,94,40,2.3,scattered clouds
582,The Valley,AI,18.217,-63.0578,83.82,74,20,17.27,few clouds
583,Springdale,US,36.1867,-94.1288,53.19,29,1,13.0,clear sky
584,Natal,BR,-5.795,-35.2094,86.65,74,40,18.41,scattered clouds
585,Arys,KZ,42.4252,68.795,44.82,77,100,8.52,light rain
586,Gander,CA,48.9682,-54.5906,48.58,93,90,25.99,mist
587,Lady Frere,ZA,-31.7031,27.2329,65.28,93,87,8.14,moderate rain
588,Shubarkuduk,KZ,49.1447,56.4872,17.38,70,0,13.13,clear sky
589,Severn,US,39.1371,-76.6983,51.42,36,1,10.36,clear sky
590,Lensk,RU,60.7253,114.9278,-9.83,99,100,3.11,overcast clouds
591,Laguna,US,38.421,-121.4238,53.44,81,90,1.01,haze
592,Koungheul,SN,13.9833,-14.8,87.93,11,99,1.45,overcast clouds
593,Prince Rupert,CA,54.3161,-130.3201,28.36,76,100,8.68,overcast clouds
594,Neuquen,AR,-38.9516,-68.0591,71.49,13,0,18.41,clear sky
595,Kampong Thum,KH,12.7111,104.8887,70.9,84,48,5.66,scattered clouds
596,Mandalgovi,MN,45.7625,106.2708,12.69,44,0,13.82,clear sky
597,Rundu,NA,-17.9333,19.7667,68.25,79,86,5.37,light rain
598,Linjiang,CN,41.8069,126.9078,-0.38,92,35,2.21,scattered clouds
599,Adet,ET,11.2644,37.4888,57.96,33,17,6.8,few clouds
600,Muisne,EC,0.6,-80.0333,74.52,92,100,10.87,light rain
601,Bahia Blanca,AR,-38.7196,-62.2724,82.56,17,5,14.99,clear sky
602,Evensk,RU,61.95,159.2333,10.98,47,100,24.72,overcast clouds
603,Waiuku,NZ,-37.25,174.75,72.25,100,100,5.19,overcast clouds
604,Kaitong,CN,44.8135,123.15,1.89,84,14,7.02,few clouds
605,Phonhong,LA,18.5007,102.4166,64.22,73,44,1.59,scattered clouds
606,Sur,OM,22.5667,59.5289,71.91,59,0,6.78,clear sky
607,Pundaguitan,PH,6.3711,126.1689,82.49,76,100,6.26,overcast clouds
608,Kawardha,IN,22.0167,81.25,58.87,59,4,3.38,clear sky
609,Blind River,CA,46.1834,-82.9582,41.25,76,5,19.35,clear sky
610,Pathein,MM,16.7833,94.7333,72.07,82,0,3.91,clear sky
611,Nagato,JP,34.3833,131.2,48.11,61,10,11.63,clear sky
612,Sarakhs,IR,36.5449,61.1577,48.63,63,12,4.47,few clouds
613,Worthington,US,40.0931,-83.018,47.91,50,1,3.0,clear sky
614,Bayangol,RU,50.6977,103.4656,-4.29,95,83,3.33,broken clouds
615,Bollnas,SE,61.3482,16.3946,25.39,94,100,5.28,overcast clouds
616,Molina,CL,-35.1167,-71.2833,74.37,46,75,4.61,broken clouds
617,Bumba,CD,2.1833,22.4667,76.51,81,100,3.11,overcast clouds
618,Candolim,IN,15.5181,73.7626,78.8,83,20,3.44,light rain
619,Camacupa,AO,-12.0167,17.4833,63.7,95,100,4.74,light rain
620,Severo-Yeniseyskiy,RU,60.3725,93.0408,-13.95,100,100,2.46,overcast clouds
621,Shingu,JP,33.7333,135.9833,51.1,67,10,12.84,clear sky
622,Mishelevka,RU,52.8575,103.1719,5.36,95,99,1.66,overcast clouds
623,Inuvik,CA,68.3499,-133.7218,-1.34,78,90,11.5,light snow
624,Qesarya,IL,32.5189,34.9046,71.53,43,100,10.13,overcast clouds
625,Namie,JP,37.4833,141.0,45.97,73,49,16.58,scattered clouds
626,Kishtwar,IN,33.3167,75.7667,39.94,47,100,4.38,overcast clouds
627,Sinnamary,GF,5.3833,-52.95,77.22,90,100,11.23,overcast clouds
628,Tra Vinh,VN,9.9347,106.3453,73.83,91,71,1.54,broken clouds
629,Salalah,OM,17.0151,54.0924,77.09,33,0,10.36,clear sky
630,Sambava,MG,-14.2667,50.1667,76.23,84,84,8.52,light rain
631,Tiarei,PF,-17.5333,-149.3333,84.22,79,97,10.85,light rain
632,Cortes,ES,41.9395,-1.4396,50.45,78,100,3.89,overcast clouds
633,Nome,US,64.5011,-165.4064,-7.53,55,1,8.05,clear sky
634,Brookings,US,44.3114,-96.7984,35.89,72,1,8.05,clear sky
635,Kasongo-Lunda,CD,-6.4667,16.8167,71.74,96,100,1.74,overcast clouds
636,Fort Nelson,CA,58.8053,-122.7002,0.99,78,90,3.44,light snow
637,Tambilil,PH,5.9622,124.6697,78.33,86,98,2.82,overcast clouds
638,Ahuimanu,US,21.4447,-157.8378,78.51,72,40,14.97,scattered clouds
639,Maniwaki,CA,46.3834,-75.966,41.38,48,20,17.27,few clouds
640,Sitio Novo Do Tocantins,BR,-5.5183,-47.4611,85.93,74,75,5.75,moderate rain
641,Miranda,CO,3.2499,-76.2281,68.13,95,100,3.24,overcast clouds
642,Kyra,RU,49.5776,111.9753,4.17,88,99,3.49,overcast clouds
643,Carutapera,BR,-1.195,-46.02,87.03,61,41,10.4,scattered clouds
644,Nannilam,IN,10.8793,79.6106,73.94,92,99,6.58,overcast clouds
645,Batagay-Alyta,RU,67.8006,130.4114,-27.87,99,98,2.26,overcast clouds
646,Crestview,US,30.7621,-86.5705,61.88,59,1,4.0,clear sky
647,Naze,JP,28.3667,129.4833,62.22,66,50,16.11,scattered clouds
648,Sorong,ID,-0.8833,131.25,81.64,79,100,6.6,overcast clouds
649,Vardo,NO,70.3705,31.1107,28.6,93,75,17.27,broken clouds
650,Suleya,RU,55.1352,58.8792,5.27,93,52,2.82,broken clouds
651,Mayo,US,38.8876,-76.5119,51.91,36,1,5.99,clear sky
652,Kapiri Mposhi,ZM,-13.9652,28.6809,73.31,34,23,5.14,few clouds
653,Moranbah,AU,-22.0016,148.0466,71.33,81,5,9.84,clear sky
654,San Isidro,PE,-12.1167,-77.05,72.99,68,0,14.97,clear sky
655,Bisho,ZA,-32.8472,27.4422,65.62,97,100,4.05,moderate rain
656,Porto Walter,BR,-8.2686,-72.7439,84.99,72,99,6.87,overcast clouds
657,Karratha,AU,-20.7377,116.8463,88.48,22,0,11.56,clear sky
658,Funadhoo,MV,6.15,73.2667,82.47,75,100,12.66,overcast clouds
659,Sobolevo,RU,54.4299,31.8996,33.64,97,100,11.32,overcast clouds
660,Paamiut,GL,61.994,-49.6678,11.01,81,2,3.44,clear sky
661,Binzhou,CN,37.3667,118.0167,27.99,44,0,5.57,clear sky
662,Contai,IN,21.7786,87.7536,67.57,56,0,3.85,clear sky
663,Tarakan,ID,3.3,117.6333,79.48,81,100,4.21,overcast clouds
664,Fallon,US,39.4735,-118.7774,45.28,45,1,17.27,clear sky
665,College,US,64.8569,-147.8028,-9.8,69,75,3.44,light snow
666,Innisfail,AU,-17.5333,146.0333,77.92,84,38,3.02,scattered clouds
667,Hatillo,PR,18.4863,-66.8254,86.94,88,39,1.01,scattered clouds
668,Xuddur,SO,4.1213,43.8894,81.01,48,97,19.89,overcast clouds
669,Leeuwarden,NL,53.2014,5.8086,51.01,98,90,11.5,mist
670,Lakatoro,VU,-16.0999,167.4164,81.37,84,100,10.8,overcast clouds
671,Port Augusta,AU,-32.5,137.7667,70.7,76,0,15.1,clear sky
672,Garden City,US,42.3256,-83.331,49.17,47,1,1.99,clear sky
673,Ambanja,MG,-13.6833,48.45,76.05,85,54,1.21,broken clouds
674,Gannan,CN,47.9147,123.5031,3.07,85,53,4.99,broken clouds
675,Starokozache,UA,46.3372,29.9853,44.28,91,100,13.51,overcast clouds
676,Coffeyville,US,37.0373,-95.6164,53.56,34,1,19.57,clear sky
677,Katherine,AU,-14.4667,132.2667,80.92,69,43,5.75,scattered clouds
678,Sao Borja,BR,-28.6606,-56.0044,99.18,23,5,3.06,clear sky
679,Acarau,BR,-2.8856,-40.12,85.95,62,21,20.65,few clouds
680,Limbang,MY,4.75,115.0,79.11,93,99,1.83,overcast clouds
681,Deoranian,IN,28.6333,79.4833,57.04,55,97,3.6,overcast clouds
682,Raudeberg,NO,61.9875,5.1352,43.47,89,99,5.01,overcast clouds
683,Sovetskiy,RU,61.3614,63.5842,11.68,84,72,7.85,broken clouds
684,Teya,RU,60.3778,92.6267,-12.05,100,99,1.25,overcast clouds
685,Missoula,US,47.0166,-113.8009,29.84,90,100,8.28,snow
686,Camapua,BR,-19.5314,-54.0439,77.22,83,100,4.72,light rain
